,food_name,calories_kcal,total_fat_g,saturated_fat_g,cholesterol_mg,sodium_g,carbohydrates_g,fiber_g,sugar_g,protein_g,vitamin_A_mg,vitamin_C_mg,calcium_mg
0,margarine with yoghurt,88,9.8,1.9,0.0,0.018,0.073,0.0,0.0,0.058,0.1,0.082,2.8
1,sunflower seed butter,99,8.8,0.7,0.0,0.065,3.7,0.9,1.7,2.8,0.0,0.4,10.2
2,hazelnut oil,120,13.6,1.0,0.0,0.0,0.0,0.0,0.0,0.0,0.0,0.0,0.0
3,menhaden fish oil,1966,218.0,66.3,1135.8,0.0,0.0,0.0,0.0,0.0,0.0,0.0,0.0
4,cod liver fish oil,123,13.6,3.1,77.5,0.0,0.0,0.0,0.0,0.0,4.1,0.0,0.0
5,sardine oil,123,13.6,4.1,96.6,0.0,0.0,0.0,0.0,0.0,0.0,0.0,0.0
6,cupu assu oil,120,13.6,7.2,0.0,0.0,0.0,0.0,0.0,0.0,0.0,0.0,0.0
7,lard,115,12.8,5.0,12.2,0.0,0.0,0.0,0.0,0.0,0.0,0.0,0.0
8,sesame butter,94,8.1,1.1,0.0,0.031,3.8,0.9,0.0,2.9,0.0,0.0,153.6
9,margarine spread,59,6.7,1.2,0.1,0.019,0.1,0.0,0.0,0.082,0.0,0.0,0.6
10,lard vegetable oil,115,12.8,5.2,7.2,0.0,0.0,0.0,0.0,0.0,0.0,0.0,0.0
11,shortening,113,12.8,3.2,0.0,0.0,0.0,0.0,0.0,0.0,0.0,0.0,0.0
12,vegetable oil spread,75,8.4,1.7,0.1,0.081,0.1,0.0,0.0,0.007,0.1,0.092,2.9
13,cottonseed oil,120,13.6,3.5,0.0,0.0,0.0,0.0,0.0,0.0,0.0,0.0,0.0
14,vegetable oil spread fat free,6,0.5,0.015,0.2,0.1,0.4,0.0,0.0,0.2,0.1,0.051,5.7
15,soy margarine,88,9.9,3.2,0.0,0.1,0.0,0.0,0.0,0.0,2.7,0.051,0.0
16,margarine with salt,100,11.3,2.1,0.0,0.1,0.017,0.0,0.0,0.031,2.1,0.036,0.068
17,margarine,102,11.5,2.2,0.0,0.091,0.018,0.0,0.0,0.037,2.1,0.076,0.059
18,salmon fish oil,123,13.6,2.7,66.0,0.0,0.0,0.0,0.0,0.0,0.0,0.0,0.0
19,nutmeg butter oil,1927,218.0,196.2,0.0,0.0,0.0,0.0,0.0,0.0,0.0,0.0,0.0
20,almond butter,98,8.9,0.7,0.0,0.037,3.0,1.6,0.7,3.4,0.0,0.0,55.5
21,sour cream shoprite,60,5.0,3.5,0.0,0.0,1.0,0.0,0.014,0.0,0.0,0.0,0.0
22,ucuhuba butter oil,120,13.6,11.6,0.0,0.0,0.0,0.0,0.0,0.0,0.0,0.0,0.0
23,chicken fat,115,12.8,3.8,10.9,0.0,0.0,0.0,0.0,0.0,0.0,0.0,0.0
24,herring fish oil,123,13.6,2.9,104.2,0.0,0.0,0.0,0.0,0.0,0.0,0.0,0.0
25,bacon grease,39,4.3,1.7,4.1,0.009,0.0,0.0,0.0,0.0,0.0,0.0,0.0
26,turkey fat,45,5.0,1.5,5.1,0.0,0.0,0.0,0.0,0.0,0.0,0.0,0.0
27,beef tallow,115,12.8,6.4,14.0,0.0,0.0,0.0,0.0,0.0,0.0,0.0,0.0
28,goose fat,45,5.0,1.4,5.0,0.0,0.0,0.0,0.0,0.0,0.0,0.0,0.0
29,duck fat,44,5.0,1.7,5.0,0.0,0.0,0.0,0.0,0.0,0.0,0.0,0.0
30,mutton tallow,45,5.0,2.4,5.1,0.0,0.0,0.0,0.0,0.0,0.0,0.0,0.0
31,grapeseed oil,120,13.6,1.3,0.0,0.0,0.0,0.0,0.0,0.0,0.0,0.0,0.0
32,sheanut oil,1927,218.0,101.6,0.0,0.0,0.0,0.0,0.0,0.0,0.0,0.0,0.0
33,almond oil,120,13.6,1.1,0.0,0.0,0.0,0.0,0.0,0.0,0.0,0.0,0.0
34,sunflower oil,120,13.6,1.2,0.0,0.0,0.0,0.0,0.0,0.0,0.066,0.0,0.1
35,cashew butter,94,7.9,1.6,0.0,0.071,4.4,0.3,0.8,2.8,0.0,0.0,6.9
36,canola oil,124,14.0,1.0,0.0,0.0,0.0,0.0,0.0,0.0,0.032,0.0,0.088
37,babassu oil,1927,218.0,177.0,0.0,0.0,0.0,0.0,0.0,0.0,0.0,0.0,0.0
38,teaseed oil,120,13.6,2.9,0.0,0.0,0.0,0.0,0.0,0.0,0.0,0.0,0.0
39,avocado oil,124,14.0,1.6,0.0,0.0,0.0,0.0,0.0,0.0,0.0,0.0,0.0
40,vegetable palm kernel oil,117,13.6,11.1,0.0,0.0,0.0,0.0,0.0,0.0,0.0,0.0,0.0
41,coconut oil,117,13.6,11.2,0.0,0.0,0.0,0.0,0.0,0.0,0.045,0.0,0.029
42,safflower oil,120,13.6,1.0,0.0,0.0,0.0,0.0,0.0,0.0,0.0,0.0,0.0
43,vegetable oil,120,13.6,2.1,0.0,0.0,0.0,0.0,0.0,0.0,0.08,0.0,0.073
44,apricot kernel oil,40,4.5,0.3,0.0,0.0,0.0,0.0,0.0,0.0,0.0,0.0,0.0
45,peanut oil,119,13.5,2.3,0.0,0.0,0.0,0.0,0.0,0.0,0.0,0.0,0.0
46,poppyseed oil,120,13.6,1.8,0.0,0.0,0.0,0.0,0.0,0.0,0.0,0.0,0.0
47,flaxseed oil,120,13.6,1.2,0.0,0.0,0.0,0.0,0.0,0.086,0.0,0.0,0.1
48,tomatoseed oil,1927,218.0,42.9,0.0,0.0,0.0,0.0,0.0,0.0,0.0,0.0,0.0
49,wheat germ oil,120,13.6,2.6,0.0,0.0,0.0,0.0,0.0,0.0,0.0,0.0,0.0
50,sesame oil,40,4.5,0.6,0.0,0.0,0.0,0.0,0.0,0.0,0.0,0.0,0.0
51,corn granola oil,124,14.0,1.1,0.0,0.0,0.0,0.0,0.0,0.0,0.0,0.0,0.0
52,cocoa butter oil,120,13.6,8.1,0.0,0.0,0.0,0.0,0.0,0.0,0.0,0.0,0.0
53,olive oil,119,13.5,1.9,0.0,0.004,0.0,0.0,0.0,0.0,0.0,0.0,0.1
54,palm kernel oil,40,4.5,4.0,0.0,0.098,0.0,0.0,0.0,0.0,0.2,0.0,0.033
55,mustard oil,124,14.0,1.6,0.0,0.0,0.0,0.0,0.0,0.0,0.0,0.0,0.0
56,rice bran oil,120,13.6,2.7,0.0,0.0,0.0,0.0,0.0,0.0,0.0,0.0,0.0
57,vegetable macaroni dry,308,0.9,0.1,0.0,0.06,62.9,3.6,0.0,11.0,0.0,0.0,28.6
58,chow mein noodles,257,9.9,1.0,0.0,0.5,37.5,1.5,0.5,5.9,0.0,0.0,11.2
59,chinese noodles,456,0.094,0.088,0.0,0.088,111.9,0.7,0.0,0.2,0.0,0.031,0.0
60,vegetable macaroni cooked,172,0.1,0.037,0.0,0.015,35.7,5.8,1.5,6.1,0.0,0.0,14.7
61,corn pasta dry,375,2.2,0.3,0.0,0.027,83.2,11.6,0.0,7.8,0.0,0.0,4.2
62,egg noodles dry,146,1.7,0.4,31.9,0.095,27.1,1.3,0.7,5.4,0.086,0.0,13.3
63,whole wheat spaghetti dry,98,0.4,0.047,0.0,0.002,21.2,0.0,0.0,4.1,0.0,0.0,11.3
64,japanese soba noodles dry,95,0.2,0.084,0.0,0.2,21.1,0.0,0.0,4.1,0.0,0.0,9.9
65,rice noodles dry,103,0.2,0.053,0.0,0.006,23.6,0.5,0.0,1.0,0.0,0.0,5.1
66,spinach spaghetti dry,105,0.4,0.097,0.0,0.094,21.2,3.0,0.8,3.8,0.0,0.0,16.4
67,egg noodles cooked,110,1.7,0.3,23.2,0.027,20.1,1.0,0.3,3.6,0.007,0.029,0.0
68,japanese somen noodles cooked,231,0.3,0.006,0.0,0.3,48.5,0.0,0.0,7.0,0.0,0.0,14.1
69,whole wheat macaroni dry,365,1.5,0.3,0.0,0.028,78.8,8.7,0.0,15.4,0.0,0.0,42.0
70,pasta marinara and ground beef sauce,41,1.6,0.5,0.2,0.0,4.1,0.5,1.0,2.5,0.0,0.0,0.0
71,macaroni raw,390,1.6,0.3,0.0,0.097,78.4,3.4,2.8,13.7,0.0,0.0,22.1
72,spaghetti dry,105,0.4,0.045,0.0,0.09,21.1,0.9,0.8,3.7,0.0,0.0,5.9
73,fusilli cucina,100,0.4,0.1,0.0,0.0,3.4,0.0,0.041,0.0,0.0,0.0,0.0
74,japanese somen noodles dry,101,0.2,0.0,0.0,0.5,21.0,1.2,0.0,3.2,0.0,0.0,6.5
75,pasta cooked,301,2.4,0.3,75.9,0.073,57.3,0.0,0.0,11.8,0.061,0.0,13.8
76,macaroni cooked,221,1.3,0.2,0.0,0.071,43.2,2.5,0.8,8.1,0.0,0.089,0.0
77,spinach egg noodles dry,145,1.7,0.4,36.1,0.096,26.7,2.6,0.0,5.6,0.0,0.0,21.3
78,japanese soba noodles cooked,113,0.1,0.026,0.0,0.1,24.4,0.0,0.0,5.8,0.0,0.0,4.6
79,rice noodles cooked,190,0.4,0.072,0.0,0.075,42.3,1.8,0.052,3.2,0.0,0.0,7.0
80,whole wheat macaroni cooked,174,0.8,0.1,0.0,0.057,37.2,3.9,1.1,7.5,0.0,0.0,21.0
81,spaghetti cooked,363,2.1,0.4,0.0,0.089,71.0,4.1,1.3,13.3,0.0,0.1,0.0
82,whole wheat spaghetti cooked,174,0.8,0.1,0.0,0.091,37.2,6.3,1.1,7.5,0.0,0.0,21.0
83,waffle,218,10.6,2.1,51.8,0.4,24.7,0.0,0.0,5.9,0.069,0.3,191.3
84,baked taco shell,61,2.7,0.8,0.0,0.004,8.3,0.9,0.2,0.8,0.0,0.0,12.5
85,puff pastry,1367,94.3,13.5,0.0,0.6,112.0,3.7,1.8,18.1,0.0,0.0,24.5
86,blueberry muffin,214,9.2,1.6,17.1,0.2,30.2,0.6,17.9,2.6,0.1,0.034,0.054
87,bread crumbs,427,5.7,1.3,0.0,0.8,77.7,4.9,6.7,14.4,0.0,0.0,197.6
88,warm cinnamon roll mcdonalds,113,5.1,1.3,16.4,0.1,15.0,0.5,7.0,2.0,0.06,0.0,16.1
89,corn muffin,201,5.5,0.9,17.2,0.3,33.7,2.2,11.7,3.9,0.01,0.0,48.8
90,tortilla,467,1.9,0.6,0.0,0.9,98.4,4.7,5.4,14.3,0.0,0.0,137.9
91,croutons seasoned,186,7.3,2.1,2.8,0.4,25.4,2.0,1.8,4.3,0.029,0.0,38.4
92,buttermilk waffle,102,3.1,0.8,4.3,0.2,16.0,0.9,1.5,2.4,0.1,0.0,98.7
93,flour tortilla,146,3.7,0.6,0.0,0.4,24.1,1.2,1.3,3.9,0.0,0.0,79.9
94,glazed donut,55,3.0,1.2,3.9,0.082,6.2,0.3,3.0,0.8,0.098,0.2,13.1
95,corn tortilla,52,0.7,0.1,0.0,0.075,10.7,1.5,0.2,1.4,0.0,0.0,19.4
96,muffin,169,6.5,1.2,22.2,0.3,23.6,1.5,0.0,3.9,0.078,0.2,114.0
97,croutons,33,0.5,0.1,0.0,0.035,5.9,0.4,0.0,1.0,0.0,0.0,6.1
98,donut with jelly filling,289,15.9,4.1,22.1,0.4,33.2,0.8,17.9,5.0,0.044,0.0,21.3
99,sweet cinnamon rolls,309,13.6,2.6,54.8,0.3,42.2,2.0,26.3,5.1,0.039,1.7,59.8
100,oat bran muffin,46,1.3,0.2,0.0,0.067,8.2,0.8,1.4,1.2,0.0,0.0,10.7
101,french cruller donut,169,7.5,1.9,4.5,0.1,24.4,0.5,14.4,1.3,0.002,0.0,10.7
102,pancakes,86,3.7,0.8,22.4,0.2,10.8,0.0,0.0,2.4,0.025,0.1,83.2
103,chocolate donut,250,11.9,3.1,34.2,0.1,34.4,1.3,19.2,2.7,0.078,0.041,127.8
104,sweet cheese rolls,238,12.1,4.0,50.2,0.2,28.8,0.8,0.0,4.7,0.0,0.1,77.9
105,eclair,234,19.2,11.5,121.5,0.1,11.2,0.4,2.0,4.4,0.2,0.2,31.5
106,donut with cream filling,307,20.8,4.6,20.4,0.3,25.5,0.7,12.4,5.4,0.043,0.0,21.3
107,fruit toaster pastry,209,5.6,1.3,0.0,0.2,37.1,0.5,14.8,2.4,0.2,0.0,5.6
108,donut,192,10.3,2.7,14.4,0.2,22.9,0.7,0.0,2.3,0.062,0.027,27.0
109,pancakes whole wheat,92,2.9,0.8,26.8,0.3,12.9,1.2,0.0,3.7,0.047,0.2,110.0
110,keikitos,196,10.6,0.0,0.0,0.2,22.3,0.5,10.8,2.9,0.0,0.0,26.5
111,zwieback,30,0.7,0.2,0.6,0.05,5.2,0.2,0.9,0.7,0.063,0.01,0.041
112,chocolate coated donut,81,4.5,2.4,3.4,0.099,9.2,0.3,4.8,0.9,0.077,0.2,4.3
113,waffle toasted,103,3.2,0.5,5.0,0.2,16.3,0.8,1.7,2.4,0.1,0.0,101.3
114,cinnamon toaster pastry,206,7.1,1.8,0.0,0.2,34.1,0.5,0.0,2.6,0.1,0.017,17.0
115,wheat bran bread,89,1.2,0.3,0.0,0.2,17.2,1.4,3.5,3.2,0.0,0.0,26.6
116,white bread,77,1.0,0.2,0.0,0.1,14.3,0.8,1.6,2.6,0.022,0.038,0.081
117,oat bran bread,71,1.3,0.2,0.0,0.1,11.9,1.4,2.3,3.1,0.09,0.0,19.5
118,whole wheat bread natures own,50,1.0,11.0,0.0,0.0,0.0,0.0,0.0,0.0,0.0,0.0,0.0
119,high protein bread dr zaks,152,3.0,0.5,0.0,0.0,15.3,0.0,0.6,0.0,0.0,0.0,0.0
120,wheat bread,79,1.3,0.2,0.0,0.1,13.8,1.2,1.7,3.1,0.039,0.062,0.026
121,egg bread toasted,117,2.4,0.6,20.7,0.2,19.5,0.9,0.7,3.9,0.096,0.0,37.7
122,butter toastbrot ja,66,0.9,0.6,0.0,0.0,2.0,0.0,0.4,0.0,0.0,0.0,0.0
123,vienna bread toasted,93,0.6,0.1,0.0,0.2,18.0,0.9,1.0,3.8,0.0,0.095,13.6
124,vienna bread,92,0.6,0.2,0.0,0.2,18.1,0.8,0.8,3.8,0.0,0.095,14.1
125,protein bread,47,0.4,0.009,0.0,0.008,8.3,0.6,0.3,2.3,0.0,0.0,23.6
126,banana bread,186,6.0,1.3,24.5,0.2,31.1,0.6,0.0,2.5,0.068,1.0,12.0
127,rice bran bread,66,1.2,0.2,0.0,0.081,11.7,1.3,1.3,2.4,0.0,0.0,18.6
128,white fibre wonder bread,95,1.0,0.2,0.1,0.0,18.0,1.5,2.0,3.5,0.0,0.0,0.0
129,focaccia,142,4.5,0.5,0.0,0.3,20.4,1.0,1.0,5.0,0.0,0.0,20.0
130,oat bran bread toasted,70,1.3,0.2,0.0,0.1,11.8,1.3,2.3,3.1,0.07,0.0,19.2
131,rye bread,83,1.1,0.2,0.0,0.2,15.5,1.9,1.2,2.7,0.0,0.1,23.4
132,wheat germ bread,73,0.8,0.2,0.0,0.2,13.5,0.6,1.0,2.7,0.0,0.033,24.9
133,protein bread toasted,46,0.4,0.059,0.0,0.049,8.2,0.6,0.2,2.2,0.0,0.0,23.1
134,oatmeal bread,73,1.2,0.2,0.0,0.1,13.1,1.1,2.2,2.3,0.083,0.0,17.8
135,arepa,215,5.3,2.8,4.9,0.3,36.4,2.5,0.9,5.4,0.011,0.0,87.2
136,raisin bread toasted,86,1.4,0.3,0.0,0.1,16.5,1.4,1.8,2.5,0.0,0.1,20.9
137,cracked wheat bread,74,1.1,0.3,0.0,0.2,14.0,1.6,0.0,2.5,0.0,0.0,12.2
138,garlic bread,151,7.1,2.3,0.0,0.2,17.9,1.1,1.6,3.6,0.067,0.095,11.6
139,rye bread toasted,82,1.0,0.2,0.0,0.2,15.4,1.9,1.2,2.7,0.0,0.047,23.2
140,whole wheat bread,128,2.5,0.4,0.0,0.2,23.6,2.8,1.8,3.9,0.0,0.0,15.2
141,whole wheat bread toasted,128,2.5,0.4,0.0,0.2,23.7,2.8,1.8,3.9,0.0,0.0,15.1
142,pan dulce bread,231,7.3,1.4,18.9,0.1,35.5,1.4,7.9,5.9,0.048,0.8,54.2
143,rice bran bread toasted,66,1.3,0.2,0.0,0.026,11.8,1.3,1.3,2.4,0.0,0.0,18.8
144,pita bread whole wheat,74,0.7,0.1,0.0,0.1,15.4,2.1,0.2,2.7,0.0,0.0,4.2
145,wheat germ bread toasted,73,0.8,0.2,0.3,0.2,13.6,0.6,1.0,2.7,0.0,0.03,25.0
146,pumpernickel bread,65,0.8,0.1,0.0,0.2,12.4,1.7,0.1,2.3,0.0,0.0,17.7
147,frybread,502,18.6,7.0,10.6,0.5,73.4,0.0,3.1,10.2,0.0,0.0,86.6
148,white bread toasted,83,1.1,0.2,0.3,0.2,15.4,0.7,1.3,2.5,0.0,0.0,33.7
149,piki bread,109,2.0,0.2,0.0,0.028,20.2,2.6,0.4,2.5,0.0,0.0,51.5
150,wheat bread toasted,75,1.0,0.2,0.0,0.1,13.4,1.1,1.5,3.1,0.0,0.008,39.6
151,pita bread,165,0.7,0.091,0.0,0.3,33.4,1.3,0.8,5.5,0.0,0.0,51.6
152,potato bread,85,1.0,0.0,0.0,0.1,15.1,2.0,3.0,4.0,0.0,0.084,0.072
153,egg bread,115,2.4,0.6,20.4,0.2,19.1,0.9,0.7,3.8,0.095,0.0,37.2
154,oatmeal bread toasted,73,1.2,0.2,0.0,0.1,13.2,1.1,2.2,2.3,0.043,0.004,18.0
155,cheese bread,196,10.0,3.0,4.8,0.4,21.5,1.0,1.0,5.0,0.007,0.0,43.2
156,pumpernickel bread toasted,80,1.0,0.1,0.0,0.2,15.1,2.1,0.2,2.8,0.0,0.0,21.5
157,raisin bread,88,1.4,0.3,0.0,0.1,16.7,1.4,1.8,2.5,0.0,0.052,21.1
158,pumpernickel roll,77,0.8,0.1,0.0,0.1,14.8,1.5,0.1,3.0,0.0,0.0,18.8
159,cinnamon raisin bagel,71,0.4,0.054,0.0,0.047,14.4,0.6,1.6,2.5,0.098,0.2,4.9
160,english muffin,127,1.1,0.2,0.0,0.2,25.5,2.6,0.9,5.0,0.0,0.0,101.5
161,rye dinner roll,123,1.5,0.3,0.0,0.3,22.8,2.1,0.5,4.4,0.0,0.0,12.9
162,english muffin whole wheat,134,1.4,0.2,0.0,0.2,26.7,4.4,5.3,5.8,0.0,0.0,174.9
163,dinner roll whole wheat,74,1.3,0.2,0.0,0.1,14.3,2.1,2.4,2.4,0.0,0.0,29.7
164,dinner roll,76,1.8,0.4,0.0,0.1,12.9,1.1,0.5,2.4,0.0,0.0,49.3
165,hotdog roll,117,1.6,0.4,0.0,0.2,21.1,0.8,3.1,4.1,0.004,0.048,0.008
166,bagel,245,1.5,0.0,0.0,0.4,47.9,4.0,6.0,10.0,0.0,0.1,0.019
167,oat bran bagel,176,0.8,0.1,0.0,0.4,36.8,2.5,1.1,7.4,0.031,0.1,8.3
168,pain au chocolat de la boulangerie,235,12.0,27.6,0.0,0.0,0.0,0.0,0.0,0.0,0.0,0.0,0.0
169,egg bagel,72,0.5,0.1,6.2,0.1,13.8,0.6,0.0,2.8,0.012,0.2,3.4
170,english muffin toasted,140,1.1,0.3,0.0,0.2,27.4,1.5,1.8,5.4,0.0,0.9,102.4
171,english muffin whole wheat toasted,135,1.4,0.2,0.0,0.2,26.9,4.5,5.4,5.9,0.0,0.0,175.7
172,biscuit,357,16.5,4.4,3.0,0.6,45.0,1.5,2.2,7.1,0.0,0.2,237.4
173,french roll,105,1.6,0.4,0.0,0.2,19.1,1.2,0.1,3.3,0.0,0.0,34.6
174,oat bran dinner roll,78,1.5,0.2,0.0,0.1,13.3,1.4,2.2,3.1,0.0,0.0,28.1
175,pecan shortbread cookies,76,4.6,1.1,4.6,0.002,8.2,0.3,0.0,0.7,0.078,0.0,4.2
176,oatmeal cookies,113,4.5,1.1,0.0,0.1,17.2,0.7,6.2,1.6,0.001,0.1,9.3
177,chocolate wafers,485,15.9,4.7,2.2,0.8,81.1,3.8,33.2,7.4,0.089,0.0,34.7
178,vanilla wafers low fat,353,12.2,3.1,40.8,0.3,58.9,1.5,30.0,4.0,0.037,0.0,38.4
179,chocolate chip cookies mcdonalds,136,6.4,3.2,18.4,0.058,18.7,0.6,9.6,1.6,0.003,0.0,9.6
180,gingersnap cookies,29,0.7,0.2,0.0,0.012,5.4,0.2,1.4,0.4,0.0,0.0,5.4
181,biscotti abbracci mulino bianco,54,2.6,1.6,0.0,0.0,0.8,0.0,0.051,0.4,0.0,0.0,0.0
182,chocolate chip cookie,63,2.8,1.4,0.0,0.047,9.3,0.3,5.3,0.5,0.013,0.052,0.036
183,brownie,243,9.8,2.5,10.2,0.2,38.3,1.3,22.0,2.9,0.02,0.0,17.4
184,shortbread cookies,40,1.9,0.5,1.6,0.097,5.2,0.1,1.2,0.5,0.018,0.0,2.8
185,oatmeal cookies with raisins,65,2.4,0.5,5.0,0.022,10.3,0.0,0.0,1.0,0.096,0.078,15.0
186,peanut butter sandwich cookies,67,3.0,0.7,0.0,0.098,9.2,0.3,5.0,1.2,0.039,0.093,7.4
187,sugar cookies,72,3.2,0.8,7.7,0.007,10.2,0.1,5.7,0.8,0.039,0.091,3.2
188,chocolate covered graham crackers,68,3.2,1.8,0.0,0.067,9.3,0.4,5.8,0.8,0.016,0.0,8.1
189,raisin cookies,60,2.0,0.5,0.3,0.077,10.2,0.2,7.1,0.6,0.008,0.1,6.9
190,vanilla wafers,28,1.2,0.3,0.0,0.045,4.3,0.1,0.0,0.3,0.0,0.0,1.5
191,graham crackers,355,8.5,1.3,0.0,0.4,64.5,2.4,26.1,5.8,0.0,0.0,20.2
192,peanut butter cookies,95,4.8,0.9,6.2,0.1,11.8,0.0,0.0,1.8,0.066,0.032,7.8
193,vanilla sandwich cookie,72,3.0,0.4,0.0,0.044,10.8,0.2,5.9,0.7,0.0,0.0,4.1
194,sugar wafers with creme filling,51,2.3,1.2,0.0,0.06,7.1,0.2,4.3,0.4,0.0,0.0,2.7
195,cheese puffs,197,12.8,1.9,2.5,0.3,18.6,0.6,1.1,2.1,0.012,0.0,20.0
196,saltine crackers,13,0.3,0.097,0.0,0.067,2.2,0.022,0.063,0.3,0.037,0.062,0.059
197,trail mix,139,8.8,1.7,0.0,0.014,13.5,0.0,0.0,4.1,0.0,0.4,23.4
198,corn cones,144,7.6,6.4,0.0,0.3,17.8,0.3,0.0,1.6,0.0,0.0,0.8
199,chocolate pretzels,50,1.8,0.8,0.0,0.037,7.8,0.0,0.0,0.8,0.0,0.076,8.1
200,french toast sticks,73,3.8,0.9,0.0,0.001,8.9,0.3,2.1,1.3,0.0,0.0,11.4
201,crackers,82,4.2,0.9,0.0,0.1,9.8,0.4,1.3,1.1,0.2,0.087,0.036
202,sesame sticks,54,3.7,0.6,0.0,0.09,4.7,0.3,0.084,1.1,0.0,0.0,17.0
203,cheese crackers,34,1.6,0.4,0.2,0.065,4.2,0.2,0.3,0.8,0.05,0.009,0.026
204,oriental rice cracker mix,143,7.2,1.1,0.0,0.1,14.6,3.7,0.8,4.9,0.0,0.037,15.3
205,breadsticks,103,2.4,0.4,0.0,0.2,17.1,0.8,0.3,3.0,0.0,0.0,5.5
206,milk crackers,50,1.7,0.3,1.2,0.095,7.7,0.2,1.8,0.8,0.073,0.017,18.9
207,matzo crackers whole wheat,98,0.4,0.005,0.0,0.002,22.1,3.3,0.0,3.7,0.0,0.0,6.4
208,matzo crackers with egg,109,0.6,0.2,23.2,0.057,22.0,0.8,0.0,3.4,0.077,0.07,11.2
209,granola bites,23,0.9,0.5,0.0,0.067,3.3,0.3,1.5,0.4,0.0,0.086,0.015
210,crackers whole wheat,120,4.0,0.6,0.0,0.2,19.5,2.9,0.3,3.0,0.0,0.0,10.1
211,tropical trail mix,619,23.9,11.9,0.0,0.1,91.8,0.0,0.0,8.8,0.0,10.6,79.8
212,soft pretzels,389,3.6,0.8,3.5,0.9,79.8,2.0,0.3,9.4,0.0,0.0,26.5
213,corn tostada shell,58,2.9,0.9,0.0,0.084,7.9,0.7,0.0,0.8,0.0,0.0,9.3
214,matzo crackers,111,0.4,0.03,0.0,0.0,23.4,0.8,0.098,2.8,0.0,0.0,3.6
215,sesame crunch,9,0.6,0.096,0.0,0.027,0.9,0.1,0.6,0.2,0.0,0.0,11.5
216,trail mix with chocolate chips,707,46.6,8.9,5.8,0.2,65.6,0.0,0.0,20.7,0.0,1.9,159.1
217,cracker meal,440,2.0,0.3,0.0,0.078,93.0,3.0,0.4,10.7,0.0,0.0,26.5
218,puffed rice,153,0.2,0.037,0.0,0.053,34.1,0.6,0.0,2.4,0.0,0.0,2.3
219,filinchen gutena,19,0.2,0.056,0.0,0.0,0.5,0.0,0.028,0.4,0.0,0.0,0.0
220,melba toast crackers,117,1.0,0.1,0.0,0.2,23.0,1.9,0.3,3.6,0.0,0.0,27.9
221,matzo crackers with egg onion,109,1.1,0.3,12.6,0.052,21.6,1.4,0.0,2.8,0.062,0.026,10.1
222,cornnuts,126,4.4,0.7,0.0,0.2,20.3,2.0,0.2,2.4,0.0,0.0,2.5
223,bagel chips,789,26.5,12.0,0.0,0.4,116.1,7.2,10.5,21.6,0.0,0.0,42.0
224,pretzels,115,0.9,0.1,0.0,0.4,24.1,1.0,0.7,3.0,0.037,0.084,0.01
225,potato raw,164,0.2,0.028,0.0,0.072,37.2,4.7,1.7,4.3,0.0,42.0,25.6
226,gatto di patate home made,202,9.4,4.6,0.0,0.0,4.0,0.0,3.6,0.0,0.0,0.0,0.0
227,baked potato,161,0.2,0.074,0.0,0.097,36.6,3.8,2.0,4.3,0.0,0.5,0.057
228,potato sticks,188,12.4,3.2,0.0,0.2,19.2,1.2,0.006,2.4,0.0,17.0,6.5
229,potato cooked,52,0.006,0.003,0.0,0.035,12.1,1.2,0.5,1.1,0.0,7.8,3.0
230,vivaldi potatoes sainsburys,23,0.1,5.0,0.0,0.0,0.0,0.0,0.0,0.0,0.0,0.0,0.0
231,potato ham chowder soup,192,12.5,3.9,21.6,0.9,13.4,1.4,0.0,6.5,0.0,0.0,0.0
232,russet potato raw,292,0.3,0.06,0.0,0.068,66.7,4.8,2.3,7.9,0.0,21.0,48.0
233,russet potato baked,290,0.4,0.1,0.0,0.084,64.1,6.9,3.2,7.9,0.0,24.8,53.8
234,french fries,13,0.4,0.01,0.0,0.056,2.2,0.2,0.088,0.2,0.0,1.5,0.8
235,potato scalloped,216,9.0,5.5,29.4,0.8,26.4,4.7,0.0,7.0,0.0,26.0,139.7
236,cottage fries,11,0.4,0.084,0.0,0.058,1.9,0.2,0.019,0.2,0.0,0.8,0.9
237,mashed potatoes,215,6.8,1.4,0.0,0.7,35.5,3.1,1.2,4.0,0.079,0.0,43.6
238,mashed potato with milk and butter,237,8.9,5.5,23.1,0.7,35.3,3.2,3.0,3.9,0.026,12.6,50.4
239,red potato raw,149,0.3,0.074,0.0,0.02,33.9,3.6,2.7,4.0,0.0,18.3,21.3
240,potato pancake,59,3.2,0.5,20.9,0.2,6.1,0.7,0.4,1.3,0.098,6.1,7.0
241,potato puffs,243,11.0,2.3,0.0,0.6,35.5,3.2,0.3,2.6,0.0,8.1,17.9
242,red potato baked,74,0.1,0.008,0.0,0.037,16.7,1.5,1.2,2.0,0.0,0.2,0.075
243,potatoes canned,132,0.3,0.098,0.0,0.7,29.7,4.2,0.0,3.6,0.0,22.8,117.0
244,potato skin raw,22,0.099,0.093,0.0,0.053,4.7,1.0,0.0,1.0,0.0,4.3,11.4
245,shoestring french fries,4,0.1,0.059,0.0,0.055,0.7,0.099,0.062,0.099,0.0,0.3,0.3
246,hash brown potato,144,9.0,1.3,0.0,0.3,15.3,1.4,0.3,1.4,0.041,0.068,0.069
247,baked chips lays,130,2.0,26.0,0.0,0.0,0.0,0.0,0.0,0.0,0.0,0.0,0.0
248,corn chips,162,10.0,1.3,0.0,0.2,17.2,1.2,0.031,1.9,0.021,0.073,0.068
249,nacho cheese tortilla chips low fat,90,1.0,0.3,0.6,0.2,18.5,1.8,0.8,2.4,0.0,1.6,36.2
250,corn chips barbecue,1036,64.7,8.8,0.0,1.5,111.3,10.3,0.0,13.9,0.0,3.4,259.4
251,corn chips unsalted,490,29.4,3.8,0.0,0.024,50.5,3.9,1.2,5.8,0.0,1.8,109.1
252,potato chips fat free,860,1.4,0.3,0.0,1.5,190.1,17.0,8.4,21.9,0.0,21.1,79.5
253,sweet chilli kettle baked chips,99,2.2,0.3,0.0,0.0,2.1,0.0,0.4,2.0,0.0,0.0,0.0
254,taro chips,11,0.6,0.1,0.0,0.022,1.6,0.2,0.04,0.049,0.0,0.1,1.4
255,potato chips reduced fat,801,35.4,7.1,0.0,0.8,113.7,10.0,0.4,12.1,0.0,43.7,35.7
256,onion snacks,150,6.8,1.3,0.0,0.3,19.5,1.2,1.4,2.3,0.087,0.5,8.7
257,potato chips cheese,843,46.2,14.6,6.8,0.8,98.1,8.8,0.0,14.5,0.057,92.0,122.4
258,yuca cassava chips,9,0.4,0.1,0.0,0.041,1.2,0.002,0.006,0.054,0.0,0.0,0.9
259,tortilla chips low fat,117,1.6,0.2,0.0,0.1,22.6,1.5,0.2,3.1,0.0,0.095,45.0
260,ranch flavor tortilla chips,992,48.8,7.0,0.0,1.0,124.2,7.9,6.0,14.2,0.0,0.0,265.3
261,potato chips,161,10.4,3.3,0.0,0.021,15.9,1.4,0.007,2.1,0.0,9.3,7.2
262,tortilla chips,142,6.2,0.8,0.0,0.077,20.3,1.6,0.2,2.1,0.2,0.092,0.014
263,sweet potato chips,149,9.1,0.8,0.0,0.05,15.9,2.5,2.5,0.8,0.0,0.0,16.5
264,nacho cheese tortilla chips,156,8.2,1.2,0.0,0.2,18.2,1.5,0.8,2.2,0.021,0.038,0.002
265,vegetable chips,134,6.6,0.5,0.0,0.3,17.1,1.3,1.1,1.5,0.0,1.4,14.7
266,taco flavor tortilla chips,1090,54.9,10.5,11.4,1.8,143.2,12.0,0.0,17.9,0.0,2.0,351.9
267,potato chips barbecue,970,64.2,15.9,0.0,1.3,104.5,8.7,14.0,15.2,0.0,67.1,99.0
268,pita chips,137,4.6,0.4,0.0,0.3,20.5,1.1,1.4,3.5,0.033,0.039,0.051
269,potato chips sour cream and onion,1051,67.1,17.6,13.9,1.1,102.0,10.3,0.0,16.0,0.073,73.9,142.6
270,adobo fresco,780,60.2,8.4,0.0,49.4,53.6,3.7,5.8,5.8,0.0,16.7,354.2
271,chili pepper sauce red,3,0.089,0.073,0.0,0.003,0.6,0.1,0.4,0.1,0.0,4.5,1.4
272,creamy ranch sauce mcdonalds,132,14.7,2.2,5.9,0.2,1.0,0.0,1.0,0.3,0.0,0.0,8.2
273,catsup,19,0.066,0.026,0.0,0.2,4.5,0.053,3.7,0.2,0.0,0.7,2.7
274,chili pepper sauce green,3,0.032,0.048,0.0,0.03,0.8,0.3,0.4,0.1,0.0,10.2,0.8
275,red wine vinegar,3,0.0,0.0,0.0,0.092,0.011,0.0,0.0,0.055,0.0,0.053,0.9
276,fish sauce,6,0.013,0.08,0.0,1.4,0.7,0.0,0.7,0.9,0.058,0.012,7.7
277,coleslaw dressing reduced fat,56,3.4,0.5,4.3,0.3,6.8,0.045,6.6,0.0,0.0,0.0,6.1
278,sour dressing,21,2.0,1.6,0.6,0.094,0.6,0.0,0.6,0.4,0.023,0.1,13.6
279,guava sauce cooked,86,0.3,0.014,0.0,0.017,22.6,8.6,14.0,0.8,0.0,348.4,16.7
280,pizza sauce,136,2.9,1.2,0.0,0.9,21.8,5.0,9.5,5.5,0.0,0.3,0.0
281,sweetn sour sauce mcdonalds,48,0.3,0.075,0.0,0.2,11.0,0.0,10.0,0.2,0.0,0.3,1.7
282,nance syrup,4,0.002,0.0,0.0,0.035,0.8,0.3,0.6,0.028,0.0,0.4,1.6
283,french dressing reduced fat,37,2.2,0.2,0.0,0.072,4.7,0.2,4.6,0.072,0.0,0.0,1.8
284,peppercorn dressing,76,8.2,1.4,6.6,0.1,0.5,0.0,0.3,0.2,0.091,0.09,2.9
285,sorghum syrup,61,0.0,0.0,0.0,0.096,15.7,0.0,15.7,0.0,0.0,0.0,31.5
286,ranch dressing fat free,17,0.3,0.007,1.0,0.1,3.7,0.088,0.7,0.039,0.078,0.0,7.0
287,caesar dressing low calorie,17,0.7,0.1,0.3,0.2,2.8,0.053,2.4,0.028,0.087,0.0,3.6
288,sweet sour dressing,2,0.0,0.0,0.0,0.065,0.6,0.0,0.6,0.082,0.0,1.3,0.6
289,mayonnaise imitation fat free,13,0.4,0.005,1.4,0.1,2.5,0.3,1.6,0.043,0.0,0.0,1.0
290,sofrito,488,37.5,0.0,0.0,2.4,11.2,3.5,0.0,26.4,0.0,42.0,41.2
291,turkey gravy instant,27,1.0,0.3,1.6,0.3,3.9,0.3,0.5,0.8,0.035,0.092,7.7
292,teriyaki sauce,16,0.015,0.0,0.0,0.7,2.8,0.016,2.5,1.1,0.0,0.0,4.5
293,tomato sauce,59,0.7,0.1,0.0,0.083,13.0,3.7,8.7,2.9,0.0,0.2,0.083
294,barbecue sauce kraft,28,0.053,0.013,0.0,0.2,6.5,0.032,5.2,0.1,0.0,0.031,7.5
295,cranberry sauce sweetened,418,0.4,0.056,0.0,0.076,107.8,2.8,105.0,0.6,0.0,5.5,11.1
296,coleslaw dressing,62,5.3,0.8,4.2,0.1,3.8,0.024,3.2,0.1,0.032,0.0,2.2
297,onion gravy dry,77,0.7,0.4,0.5,1.0,16.2,1.4,0.0,2.2,0.0,1.7,67.2
298,corn syrup light,62,0.09,0.0,0.0,0.065,16.9,0.0,16.9,0.0,0.0,0.0,2.9
299,bacon tomato dressing,49,5.3,0.8,0.6,0.1,0.3,0.04,0.3,0.3,0.064,1.3,0.6
300,pancake syrup,53,0.075,0.025,0.0,0.064,13.9,0.0,8.4,0.0,0.0,0.0,1.0
301,balsamic vinegar,14,0.0,0.0,0.0,0.071,2.7,0.0,2.4,0.041,0.0,0.0,4.3
302,ranch dressing reduced fat,29,1.9,0.2,2.4,0.2,3.2,0.2,0.6,0.2,0.022,0.051,6.0
303,barbecue sauce mcdonalds,46,0.3,0.09,0.0,0.3,10.3,0.4,9.6,0.4,0.0,0.0,3.1
304,vinegar oil dressing,72,8.0,1.5,0.0,0.076,0.4,0.0,0.4,0.0,0.0,0.0,0.0
305,poppyseed dressing,66,5.5,1.0,2.5,0.1,4.0,0.03,3.9,0.2,0.005,0.04,9.7
306,honey mustard dressing,70,6.1,0.8,4.4,0.019,3.5,0.057,2.4,0.1,0.082,0.006,1.8
307,french dressing fat free,21,0.024,0.067,0.0,0.1,5.1,0.4,2.6,0.01,0.0,0.0,0.8
308,vinegar,3,0.0,0.0,0.0,0.024,0.089,0.0,0.063,0.0,0.0,0.0,0.9
309,spray dressing,13,0.9,0.1,0.0,0.012,1.3,0.075,1.1,0.07,0.0,0.055,0.5
310,honey mustard dressing fat free,25,0.2,0.031,0.2,0.2,5.8,0.2,2.7,0.2,0.01,0.3,3.6
311,mushroom gravy,119,6.4,1.0,0.0,1.4,13.0,1.0,0.0,3.0,0.0,0.0,16.7
312,white sauce,368,26.6,7.1,17.5,0.9,22.9,0.5,11.0,9.6,0.3,2.0,295.0
313,marinara pasta sauce,129,3.9,0.4,5.3,1.1,19.9,4.8,14.5,3.7,0.0,5.3,71.3
314,tomato sauce with mushrooms,86,0.3,0.027,0.0,1.1,20.7,3.7,14.1,3.6,0.0,30.4,31.9
315,pork gravy powder,25,0.6,0.3,0.7,0.4,4.3,0.2,1.7,0.6,0.002,0.095,9.3
316,beef gravy,123,5.5,2.7,7.0,1.5,11.2,0.9,0.5,8.7,0.079,0.0,14.0
317,green goddess dressing,64,6.5,0.9,6.0,0.1,1.1,0.094,1.0,0.3,0.052,0.037,5.1
318,salsa con queso,358,23.8,6.2,22.5,2.0,27.9,1.8,4.9,7.9,0.069,1.0,245.0
319,cocktail sauce,19,0.2,0.0,0.0,0.2,4.2,0.3,1.8,0.2,0.002,1.7,3.9
320,worcestershire sauce,13,0.0,0.0,0.0,0.2,3.3,0.0,1.7,0.0,0.036,2.2,18.2
321,barbecue sauce,29,0.1,0.009,0.0,0.2,6.9,0.2,5.7,0.1,0.0,0.1,5.6
322,tomato sauce with onions,103,0.5,0.007,0.0,1.3,24.4,4.4,0.0,3.8,0.0,31.1,41.7
323,brown gravy dry,22,0.6,0.2,0.2,0.3,3.6,0.1,0.0,0.6,0.033,0.048,7.9
324,blue cheese dressing light,14,0.4,0.1,1.6,0.2,2.1,0.0,0.6,0.3,0.081,0.0,10.9
325,spanish tomato sauce,81,0.7,0.007,0.0,1.2,17.7,3.4,0.0,3.5,0.0,21.0,41.5
326,oyster sauce,9,0.066,0.016,0.0,0.5,2.0,0.024,0.0,0.2,0.0,0.036,5.8
327,cheese sauce,30,2.2,1.2,5.7,0.002,0.8,0.071,0.033,1.5,0.003,0.067,46.7
328,hoisin sauce,35,0.5,0.036,0.5,0.3,7.1,0.4,4.4,0.5,0.0,0.097,5.1
329,pickle relish,20,0.061,0.093,0.0,0.1,5.3,0.2,4.4,0.097,0.0,0.2,0.5
330,tomato sauce with herbs cheese,144,4.7,1.5,7.3,1.3,25.0,5.4,0.0,5.2,0.0,24.4,90.3
331,french dressing,73,7.2,0.9,0.0,0.1,2.5,0.0,2.6,0.1,0.0,0.6,3.8
332,mayonnaise hellmanns,15,1.7,0.9,0.0,0.0,0.087,0.0,0.2,0.0,0.0,0.0,0.0
333,canadian maple syrup,76,0.0,0.0,0.0,0.086,19.1,0.0,17.0,0.0,0.0,0.0,30.8
334,maple syrup,52,0.047,0.036,0.0,0.059,13.4,0.0,13.6,0.09,0.0,0.0,20.4
335,barbecue sauce bulls eye,27,0.1,0.028,0.0,0.2,6.4,0.2,5.6,0.1,0.0,0.094,6.9
336,ranch dressing,65,6.7,1.0,3.9,0.1,0.9,0.0,0.7,0.2,0.067,0.093,0.024
337,tomato ketchup mp,15,0.0,4.0,0.0,0.0,0.2,0.0,0.0,0.0,0.0,0.0,0.0
338,mayonnaise light,36,3.3,0.5,2.4,0.1,1.4,0.0,0.5,0.032,0.003,0.09,0.05
339,mayonnaise dressing,103,11.7,1.6,0.0,0.081,0.066,0.0,0.093,0.0,0.0,0.0,1.1
340,malt syrup,67,0.0,0.0,0.0,0.05,15.0,0.0,15.0,1.3,0.0,0.0,12.8
341,gravy dry,86,2.0,0.7,1.0,1.4,14.5,0.0,0.0,3.3,0.0,1.8,37.5
342,cranberry orange relish,490,0.3,0.06,0.0,0.063,127.1,0.0,0.0,0.8,0.0,49.5,30.3
343,caesar dressing,80,8.5,1.3,5.7,0.2,0.5,0.036,0.4,0.3,0.092,0.057,7.1
344,italian dressing,35,3.1,0.4,0.0,0.1,1.8,0.0,1.6,0.032,0.083,0.011,0.059
345,brown gravy instant,25,0.8,0.4,0.8,0.3,4.0,0.2,0.6,0.6,0.0,0.1,7.8
346,roquefort cheese dressing,15,1.1,0.4,0.2,0.1,0.4,0.0,0.4,0.8,0.0,0.069,13.4
347,blue cheese dressing,71,7.7,1.2,4.7,0.2,0.7,0.045,0.5,0.2,0.048,0.1,5.6
348,duck sauce,80,0.063,0.033,0.0,0.1,19.7,0.2,9.9,0.1,0.0,0.3,3.6
349,au jus,38,0.5,0.2,0.0,1.1,5.9,0.0,0.0,2.8,0.0,2.4,9.4
350,corn syrup dark,57,0.0,0.0,0.0,0.047,15.5,0.0,15.5,0.0,0.0,0.0,3.6
351,buttermilk dressing light,30,1.9,0.2,2.4,0.2,3.2,0.2,0.6,0.2,0.023,0.061,6.0
352,cider vinegar,3,0.0,0.0,0.0,0.011,0.1,0.0,0.018,0.0,0.0,0.0,1.0
353,tartar sauce,32,2.5,0.5,1.1,0.1,2.0,0.078,0.6,0.2,0.056,0.3,3.9
354,pepper hot sauce,1,0.018,0.057,0.0,0.1,0.031,0.071,0.065,0.024,0.0,3.5,0.4
355,tomato chili sauce,6,0.095,0.076,0.0,0.083,1.2,0.4,0.6,0.2,0.0,1.0,1.2
356,turkey gravy dry,26,0.5,0.1,1.0,0.3,4.6,0.0,0.0,0.7,0.013,0.015,10.2
357,salsa sauce,5,0.039,0.07,0.0,0.1,1.2,0.3,0.7,0.3,0.0,0.3,5.4
358,steak sauce,16,0.004,0.0,0.0,0.3,3.7,0.3,1.7,0.2,0.0,1.2,3.2
359,molasses,58,0.068,0.052,0.0,0.007,14.9,0.0,14.9,0.0,0.0,0.0,41.0
360,italian dressing fat free,7,0.1,0.099,0.3,0.2,1.2,0.077,1.2,0.1,0.0,0.026,4.2
361,plum sauce,35,0.2,0.094,0.0,0.1,8.1,0.1,0.0,0.2,0.0,0.021,2.3
362,chow mein stir fry master foods,26,0.2,5.5,0.0,0.0,0.0,0.0,0.0,0.0,0.0,0.0,0.0
363,beef gravy instant,25,0.6,0.3,0.7,0.3,4.1,0.3,1.6,0.7,0.1,0.01,9.4
364,horseradish,2,0.085,0.007,0.0,0.039,0.6,0.2,0.4,0.003,0.0,0.081,0.027
365,grenadine,54,0.0,0.0,0.0,0.038,13.4,0.0,9.3,0.0,0.0,0.0,1.2
366,tabasco sauce,1,0.002,0.051,0.0,0.075,0.006,0.013,0.067,0.045,0.0,0.2,0.6
367,sweet sour sauce,26,0.084,0.0,0.0,0.024,6.7,0.065,3.3,0.02,0.0,1.5,1.8
368,salsa verde,6,0.1,0.0,0.0,0.034,1.0,0.3,0.5,0.2,0.0,1.8,1.4
369,miso,40,1.2,0.2,0.0,0.7,5.1,1.1,1.2,2.6,0.0,0.04,0.094
370,sprouted soybean cooked,76,4.2,0.6,0.0,0.2,6.1,0.8,0.4,8.0,0.0,7.8,55.5
371,soy flour roasted,375,18.6,2.7,0.0,0.083,28.6,8.2,6.5,29.6,0.0,0.0,159.8
372,soy flour low fat,330,7.8,1.1,0.0,0.085,30.7,14.1,9.3,40.0,0.0,0.0,250.8
373,green soybean cooked,127,5.8,0.7,0.0,0.2,9.9,3.8,0.0,11.1,0.0,0.007,0.0
374,azumaya tofu vitasoy,316,16.6,2.0,0.0,0.03,9.1,2.4,1.6,32.8,0.0,0.0,711.0
375,soy proteins isolate,96,1.0,0.1,0.0,0.3,2.1,1.6,0.0,22.8,0.0,0.0,50.4
376,tofu yogurt,246,4.7,0.7,0.0,0.03,41.8,0.5,3.2,9.2,0.0,0.048,0.013
377,bacon meatless,446,42.5,6.7,0.0,2.1,9.1,3.7,0.0,15.4,0.0,0.0,33.1
378,meatless chicken fried,304,16.6,1.5,0.0,0.5,11.1,5.6,0.0,27.7,0.0,0.0,54.6
379,soymilk,109,4.8,0.5,0.0,0.1,8.4,1.0,6.1,7.1,0.0,0.6,0.0
380,soy vermicelli,463,0.1,0.092,0.0,0.032,115.2,5.5,24.4,0.1,0.0,0.0,77.0
381,tofu fried,35,2.6,0.4,0.0,0.021,1.2,0.5,0.4,2.4,0.0,0.094,0.099
382,tempeh,320,17.9,3.7,0.0,0.068,15.6,0.0,0.0,30.8,0.0,0.0,184.3
383,koyadofu,81,5.2,0.7,0.0,0.081,1.7,1.2,0.0,8.9,0.0,0.029,0.0
384,meatless meatloaf,110,5.0,0.8,0.0,0.3,4.5,2.6,0.7,11.8,0.0,0.0,16.2
385,soya vanille joghurt alpro,21,0.6,0.1,0.0,0.0,1.0,0.0,0.09,0.3,0.0,0.0,0.0
386,soybean curd cheese,340,18.2,2.6,0.0,0.094,15.5,0.0,3.6,28.1,0.0,0.0,423.0
387,soy sauce,8,0.054,0.025,0.0,0.9,0.8,0.1,0.097,1.3,0.0,0.01,0.0
388,soybean dry roasted,419,20.1,2.9,0.0,0.077,30.4,7.5,0.0,36.8,0.0,4.3,130.2
389,soybean oil,120,13.6,2.1,0.0,0.0,0.0,0.0,0.0,0.0,0.0,0.0,0.0
390,meatless chicken,376,21.4,3.1,0.0,1.2,6.1,6.0,0.0,39.7,0.0,0.0,58.8
391,soybean cooked,296,15.4,2.2,0.0,0.075,17.1,10.3,5.2,28.6,0.0,0.4,0.099
392,soymilk nonfat,68,0.046,0.0,0.0,0.1,10.1,0.5,8.9,6.0,0.1,0.0,281.9
393,soy flour,23,1.1,0.2,0.0,0.023,1.8,0.5,0.4,1.8,0.0,0.009,0.061
394,soybean lecithin oil,104,13.6,2.0,0.0,0.0,0.0,0.0,0.0,0.0,0.0,0.0,0.0
395,tofu raw,188,11.9,1.7,0.0,0.06,4.7,0.7,0.0,20.0,0.0,0.2,868.0
396,soy chips,109,2.1,0.3,0.0,0.2,15.0,1.0,0.5,7.5,0.0,0.0,48.4
397,green soybean raw,376,17.4,2.0,0.0,0.017,28.3,10.8,0.0,33.2,0.0,74.2,504.3
398,soy proteins concentrate,93,0.1,0.04,0.0,0.3,7.2,1.6,0.0,18.0,0.0,0.0,102.7
399,soybean margarine,34,3.8,0.8,0.0,0.005,0.043,0.0,0.0,0.052,0.067,0.077,1.4
400,chocolate soymilk nonfat,107,0.046,0.0,0.0,0.1,20.7,0.5,8.9,6.0,0.1,0.0,281.9
401,okara,93,2.1,0.2,0.0,0.07,15.3,0.0,0.0,3.9,0.0,0.1,0.0
402,meatless meatballs,284,13.0,2.1,0.0,0.8,11.5,6.6,1.8,30.2,0.0,0.0,36.0
403,vanilla soymilk,131,4.3,0.5,0.0,0.1,15.3,1.5,9.7,7.9,0.0,0.0,60.8
404,soy meal raw,414,2.9,0.3,0.0,0.017,49.0,0.0,0.0,54.8,0.0,0.0,297.7
405,soymilk low fat,104,1.5,0.0,0.0,0.04,17.5,1.9,8.5,4.0,0.0,0.0,199.3
406,sprouted soybean raw,85,4.7,0.7,0.0,0.005,6.7,0.8,0.0,9.2,0.0,0.1,0.0
407,soybean raw,830,37.1,5.4,0.0,0.023,56.1,17.3,13.6,67.9,0.0,11.2,515.2
408,tempeh cooked,55,3.2,1.0,0.0,0.084,2.6,0.0,0.0,5.1,0.0,0.0,27.2
409,vanilla soymilk light,83,2.1,0.2,0.0,0.2,9.4,1.5,1.0,6.4,0.0,0.0,298.9
410,chocolate soymilk,153,3.7,0.6,0.0,0.1,24.2,1.0,19.1,5.5,0.0,0.2,0.074
411,soy oil,120,13.6,3.4,0.0,0.0,0.0,0.0,0.0,0.0,0.0,0.0,0.0
412,natto,169,8.8,1.3,0.0,0.026,11.5,4.3,3.9,14.2,0.0,0.1,0.085
413,chrysanthemum raw,12,0.3,0.0,0.0,0.012,1.5,1.5,0.0,1.7,0.0,0.061,0.2
414,gourd cooked,100,0.6,0.035,0.0,0.065,25.5,5.2,9.2,1.2,0.0,0.2,0.03
415,cauliflower raw,3,0.081,0.094,0.0,0.042,0.6,0.3,0.2,0.2,0.0,0.019,0.033
416,red cabbage raw,53,0.3,0.002,0.0,0.079,12.5,3.6,6.5,2.4,0.0,96.9,76.5
417,broccoli raab raw,9,0.2,0.047,0.0,0.04,1.1,1.1,0.2,1.3,0.0,0.064,0.074
418,napa cabbage cooked,13,0.2,0.0,0.0,0.012,2.4,0.0,0.0,1.2,0.0,3.5,31.6
419,kelp,2,0.067,0.037,0.0,0.019,0.5,0.018,0.069,0.07,0.0,0.2,8.4
420,shallots raw,18,0.061,0.041,0.0,0.044,4.2,0.8,2.0,0.6,0.0,0.016,0.007
421,bamboo shoots raw,49,0.5,0.1,0.0,0.067,9.4,4.0,5.4,4.7,0.0,0.4,0.0
422,jute cooked,32,0.2,0.004,0.0,0.043,6.3,1.7,0.9,3.2,0.0,28.7,183.6
423,red lettuce,4,0.08,0.036,0.0,0.057,0.6,0.3,0.1,0.4,0.0,0.026,0.021
424,broccoli cooked,98,1.1,0.2,0.0,0.1,20.1,9.2,3.9,6.7,0.0,0.6,0.4
425,romanesco raw,20,0.2,0.038,0.0,0.025,3.9,2.0,1.9,1.9,0.0,56.4,21.1
426,eggplant raw,115,0.8,0.2,0.0,0.028,26.9,13.7,16.2,4.5,0.0,10.1,41.2
427,leeks raw,54,0.3,0.049,0.0,0.003,12.6,1.6,3.5,1.3,0.0,0.2,0.011
428,lemongrass citronella,5,0.076,0.067,0.0,0.024,1.2,0.0,0.0,0.038,0.0,0.1,3.1
429,pumpkin cooked,49,0.2,0.019,0.0,0.006,12.0,2.7,5.1,1.8,0.0,0.1,0.098
430,celery cooked,7,0.098,0.064,0.0,0.093,1.5,0.6,0.9,0.3,0.0,2.3,15.8
431,serrano pepper,2,0.075,0.072,0.0,0.067,0.4,0.2,0.2,0.1,0.0,0.099,0.021
432,nopales raw,14,0.063,0.018,0.0,0.076,2.9,1.9,1.0,1.1,0.0,8.0,141.0
433,sweet potato leaves cooked,22,0.2,0.099,0.0,0.2,4.7,1.2,3.5,1.4,0.0,1.0,21.1
434,eggplant cooked,33,0.2,0.049,0.0,0.2,8.1,2.5,3.2,0.8,0.0,1.3,5.9
435,asparagus cooked,3,0.074,0.004,0.0,0.0,0.6,0.3,0.2,0.4,0.0,0.022,0.099
436,rutabaga cooked,72,0.4,0.007,0.0,0.049,16.4,4.3,9.5,2.2,0.0,45.1,43.2
437,parsnips raw,128,0.5,0.1,0.0,0.068,30.6,8.3,8.2,2.0,0.0,0.2,0.055
438,sour pickles,17,0.3,0.079,0.0,1.9,3.5,1.9,1.6,0.5,0.0,1.6,0.0
439,turnip greens cooked,29,0.3,0.091,0.0,0.4,6.3,5.0,0.8,1.6,0.0,39.5,197.3
440,jerusalem artichokes,110,0.047,0.0,0.0,0.011,26.2,2.4,14.4,3.0,0.0,6.0,21.0
441,collard raw,12,0.2,0.026,0.0,0.014,2.0,1.4,0.2,1.1,0.0,0.003,0.2
442,chrysanthemum cooked,20,0.036,0.0,0.0,0.042,4.3,2.3,2.0,1.6,0.0,0.1,0.1
443,oriental radish dried,314,0.8,0.3,0.0,0.3,73.5,27.7,43.3,9.2,0.0,0.0,729.6
444,tomatillos,42,1.3,0.2,0.0,0.019,7.7,2.5,5.2,1.3,0.0,15.4,9.2
445,taro shoots raw,9,0.069,0.016,0.0,0.056,2.0,0.0,0.0,0.8,0.0,18.1,10.3
446,acorn squash raw,172,0.4,0.091,0.0,0.017,44.9,6.5,0.0,3.4,0.0,47.4,142.2
447,leeks dried,10,0.026,0.08,0.0,0.077,2.4,0.3,0.0,0.5,0.0,3.8,11.5
448,cabbage raw,70,0.3,0.054,0.0,0.006,16.2,7.0,9.0,3.6,0.0,0.3,0.2
449,sweet red peppers cooked,19,0.1,0.012,0.0,0.2,4.5,0.9,3.2,0.7,0.0,124.8,6.6
450,sweet red peppers raw,46,0.4,0.088,0.0,0.092,9.0,3.1,6.3,1.5,0.0,190.3,10.4
451,cucumber peeled,16,0.2,0.1,0.0,0.098,2.9,0.9,1.8,0.8,0.0,0.082,0.052
452,purslane raw,9,0.2,0.0,0.0,0.066,1.5,0.0,0.0,0.9,0.0,9.0,28.0
453,peas onions cooked,81,0.4,0.055,0.0,0.5,15.5,4.0,6.8,4.6,0.0,12.4,25.2
454,tomato cooked,22,0.1,0.086,0.0,0.029,4.9,0.9,3.1,1.2,0.0,0.096,0.054
455,taro shoots cooked,20,0.1,0.068,0.0,0.3,4.5,0.0,0.0,1.0,0.0,26.5,19.6
456,scots kale raw,28,0.4,0.072,0.0,0.059,5.6,1.1,0.0,1.9,0.0,87.1,137.4
457,artichoke raw,60,0.2,0.056,0.0,0.1,13.5,6.9,1.3,4.2,0.0,0.1,0.045
458,navy bean sprouts raw,70,0.7,0.05,0.0,0.063,13.6,0.0,0.0,6.4,0.0,19.6,15.6
459,sweet pickles,146,0.7,0.1,0.0,0.7,33.8,1.6,29.2,0.9,0.0,1.1,97.6
460,oriental radish cooked,25,0.4,0.1,0.0,0.4,5.0,2.4,2.7,1.0,0.0,22.2,25.0
461,sweet potato leaves raw,15,0.2,0.088,0.0,0.073,3.1,1.9,0.0,0.9,0.0,3.9,27.3
462,irishmoss,2,0.049,0.06,0.0,0.084,0.6,0.082,0.098,0.037,0.0,0.2,3.6
463,drumstick leaves cooked,25,0.4,0.0,0.0,0.1,4.7,0.8,0.4,2.2,0.0,13.0,63.4
464,winter squash raw,39,0.2,0.019,0.0,0.027,10.0,1.7,2.6,1.1,0.0,14.3,32.5
465,pumpkin raw,30,0.1,0.065,0.0,0.062,7.5,0.6,3.2,1.2,0.0,10.4,24.4
466,chicory greens,7,0.096,0.078,0.0,0.017,1.4,1.2,0.2,0.5,0.0,0.062,0.079
467,spinach cooked,41,0.5,0.042,0.0,0.1,6.8,4.3,0.8,5.3,0.0,0.4,0.9
468,radish pickled,42,0.5,0.1,0.0,1.2,7.8,3.3,3.0,1.7,0.0,0.0,42.0
469,sweet onion,106,0.3,0.0,0.0,0.063,25.0,3.0,16.6,2.6,0.0,0.4,0.033
470,salsify cooked,92,0.2,0.0,0.0,0.028,20.7,4.2,3.9,3.7,0.0,6.2,63.5
471,radish seeds sprouted,16,1.0,0.3,0.0,0.067,1.4,0.0,0.0,1.4,0.0,11.0,19.4
472,turnips raw,51,0.2,0.074,0.0,0.1,11.8,3.3,7.0,1.6,0.0,0.2,0.057
473,burdock root raw,85,0.2,0.069,0.0,0.008,20.5,3.9,3.4,1.8,0.0,3.5,48.4
474,red cabbage cooked,49,0.2,0.058,0.0,0.047,11.8,4.4,5.6,2.6,0.0,0.4,0.049
475,jute raw,10,0.046,0.0,0.0,0.042,1.6,0.0,0.0,1.3,0.0,0.2,0.0
476,hot chile pepper dried,2,0.054,0.001,0.0,0.041,0.3,0.1,0.2,0.054,0.0,0.2,0.2
477,salsify raw,109,0.3,0.0,0.0,0.093,24.7,4.4,0.0,4.4,0.0,0.4,0.0
478,crookneck squash raw,24,0.3,0.1,0.0,0.047,4.9,1.3,4.5,1.3,0.0,24.5,26.7
479,indian squash cooked,38,0.4,0.0,0.0,0.0,7.6,3.5,4.7,0.7,0.0,0.0,0.0
480,poi,269,0.3,0.063,0.0,0.091,65.4,1.0,0.9,0.9,0.0,0.7,0.022
481,sesbania flower cooked,22,0.007,0.0,0.0,0.3,5.3,0.0,0.0,1.2,0.0,38.5,22.9
482,acorn squash cooked,115,0.3,0.023,0.0,0.5,29.9,9.0,0.0,2.3,0.0,22.1,90.2
483,cauliflower cooked,29,0.6,0.055,0.0,0.094,5.1,2.9,2.6,2.3,0.0,0.2,0.068
484,crookneck squash cooked,34,0.7,0.1,0.0,0.4,6.8,2.0,4.5,1.9,0.0,20.9,39.6
485,laver seaweed,1,0.012,0.066,0.0,0.075,0.1,0.09,0.071,0.2,0.0,1.0,1.8
486,mountain yam cooked,119,0.1,0.014,0.0,0.4,29.0,0.0,0.0,2.5,0.0,0.0,11.6
487,pumpkin flowers raw,5,0.084,0.049,0.0,0.066,1.1,0.0,0.0,0.3,0.0,9.2,12.9
488,mustard greens raw,15,0.2,0.072,0.0,0.004,2.6,1.8,0.7,1.6,0.0,39.2,64.4
489,arrowhead,12,0.084,0.0,0.0,0.082,2.4,0.0,0.0,0.6,0.0,0.1,1.2
490,japanese cabbage,45,0.2,0.092,0.0,0.4,8.5,4.7,2.0,2.4,0.0,1.1,72.0
491,mung bean sprouts cooked,24,0.1,0.05,0.0,0.3,4.5,1.0,3.5,2.5,0.0,14.1,14.9
492,scallop squash cooked,29,0.3,0.034,0.0,0.4,5.9,3.4,2.7,1.9,0.0,19.4,27.0
493,pumpkin leaves cooked,15,0.2,0.092,0.0,0.2,2.4,1.9,0.5,1.9,0.0,0.7,30.5
494,hungarian pepper,8,0.1,0.082,0.0,0.028,1.8,0.3,1.0,0.2,0.0,25.1,3.2
495,sweet potato baked,103,0.2,0.013,0.0,0.07,23.6,3.8,7.4,2.3,0.0,22.3,43.3
496,chinese cabbage pe tsai raw,12,0.2,0.033,0.0,0.049,2.5,0.9,1.1,0.9,0.0,20.5,58.5
497,taro raw,116,0.2,0.099,0.0,0.054,27.5,4.3,0.4,1.6,0.0,4.7,44.7
498,yam bean jicama,49,0.1,0.061,0.0,0.047,11.5,6.4,2.3,0.9,0.0,26.3,15.6
499,olives,10,0.9,0.2,0.0,0.001,0.5,0.1,0.0,0.09,0.0,0.03,7.4
500,mustard greens cooked,36,0.7,0.053,0.0,0.4,6.3,2.8,2.0,3.6,0.0,35.4,165.2
501,pumpkin flowers cooked,20,0.1,0.057,0.0,0.082,4.4,1.2,3.2,1.5,0.0,6.7,49.6
502,tree fern cooked,57,0.096,0.0,0.0,0.3,15.3,5.3,0.0,0.4,0.0,42.6,11.4
503,yellow corn raw,606,7.9,1.1,0.0,0.06,123.3,12.1,1.1,15.6,0.0,0.0,11.6
504,endive,9,0.1,0.022,0.0,0.08,1.7,1.6,0.1,0.6,0.0,3.3,26.0
505,wakame,36,0.5,0.1,0.0,0.7,7.3,0.4,0.5,2.4,0.0,2.4,120.0
506,tahitian taro raw,55,1.2,0.2,0.0,0.003,8.6,0.0,0.0,3.5,0.0,120.0,161.3
507,broccoli raw,31,0.3,0.053,0.0,0.049,6.0,2.4,1.5,2.6,0.0,0.2,0.092
508,sweet green peppers raw,30,0.3,0.053,0.0,0.023,6.9,2.5,3.6,1.3,0.0,119.8,14.9
509,chinese cabbage pak choi cooked,20,0.3,0.014,0.0,0.5,3.0,1.7,1.4,2.7,0.0,44.2,158.1
510,agar,1,0.058,0.087,0.0,0.049,0.3,0.027,0.005,0.053,0.0,0.066,0.075
511,watercress,4,0.006,0.071,0.0,0.038,0.4,0.2,0.099,0.8,0.0,0.085,0.069
512,beet greens cooked,39,0.3,0.025,0.0,0.3,7.9,4.2,0.9,3.7,0.0,35.9,164.2
513,winter squash cooked,76,0.7,0.1,0.0,0.068,18.1,5.7,6.8,1.8,0.0,3.7,45.1
514,new zealand spinach raw,8,0.1,0.077,0.0,0.017,1.4,0.8,0.2,0.8,0.0,16.8,32.5
515,okra,4,0.082,0.001,0.0,0.098,0.9,0.4,0.2,0.2,0.0,2.7,9.8
516,yautia tannier,132,0.5,0.1,0.0,0.031,31.9,2.0,0.0,2.0,0.0,7.0,12.2
517,mustard spinach cooked,29,0.4,0.0,0.0,0.5,5.0,3.6,0.0,3.1,0.0,117.0,284.4
518,rhubarb cooked,278,0.1,0.08,0.0,0.007,74.9,4.8,68.9,0.9,0.0,0.041,0.081
519,beets raw,58,0.2,0.028,0.0,0.1,13.0,3.8,9.2,2.2,0.0,0.026,0.079
520,drumstick pods raw,37,0.2,0.025,0.0,0.077,8.5,3.2,0.0,2.1,0.0,141.0,30.0
521,baby zucchini,2,0.089,0.02,0.0,0.041,0.3,0.1,0.0,0.3,0.0,3.8,2.3
522,onion raw,16,0.048,0.077,0.0,0.065,3.7,0.7,1.7,0.4,0.0,0.098,0.08
523,romanesco cooked,39,0.4,0.028,0.0,0.3,7.7,4.0,0.0,3.7,0.0,88.6,39.0
524,butternut squash raw,90,0.2,0.044,0.0,0.067,23.4,4.0,4.4,2.0,0.0,0.3,0.075
525,amaranth leaves,6,0.075,0.072,0.0,0.071,1.1,0.0,0.0,0.7,0.0,12.1,60.2
526,turnip greens raw,18,0.2,0.009,0.0,0.012,3.9,1.8,0.4,0.8,0.0,33.0,104.5
527,spaghetti squash raw,31,0.6,0.1,0.0,0.081,7.0,1.5,2.8,0.6,0.0,2.1,23.2
528,seaweed dry,52,0.3,0.006,6.6,0.9,9.2,7.3,0.0,3.1,0.0,5.8,59.8
529,yam cooked,158,0.2,0.061,0.0,0.017,37.4,5.3,0.7,2.0,0.0,0.3,0.083
530,corn dried,119,3.0,0.6,0.0,0.029,18.8,5.8,6.0,4.1,0.0,0.0,7.1
531,cucumber,23,0.2,0.068,0.0,0.061,5.4,0.8,2.5,1.0,0.0,4.2,24.0
532,arrowroot,78,0.2,0.094,0.0,0.052,16.1,1.6,0.0,5.1,0.0,2.3,7.2
533,cardoon raw,30,0.2,0.072,0.0,0.3,7.2,2.8,0.0,1.2,0.0,0.2,0.0
534,bamboo shoots cooked,14,0.3,0.007,0.0,0.04,2.3,1.2,0.0,1.8,0.0,0.1,0.0
535,summer squash raw,42,0.5,0.1,0.0,0.051,8.7,2.9,5.7,3.1,0.0,0.6,0.009
536,sweet potato raw,112,0.002,0.036,0.0,0.079,26.2,3.9,5.4,2.0,0.0,0.3,0.048
537,green tomato,42,0.4,0.024,0.0,0.055,9.3,2.0,7.3,2.2,0.0,42.6,23.7
538,beet greens raw,8,0.078,0.026,0.0,0.013,1.6,1.4,0.2,0.8,0.0,11.4,44.5
539,savoy cabbage cooked,41,0.2,0.076,0.0,0.05,9.2,4.8,0.0,3.1,0.0,0.3,0.0
540,witloof chicory,9,0.031,0.076,0.0,0.022,2.1,1.6,0.0,0.5,0.0,1.5,10.1
541,turnips cooked,34,0.1,0.082,0.0,0.017,7.9,3.1,4.7,1.1,0.0,0.1,0.063
542,dried tomatoes,5,0.053,0.032,0.0,0.069,1.1,0.2,0.8,0.3,0.0,0.8,2.2
543,radicchio,15,0.2,0.031,0.0,0.033,2.9,0.6,0.4,0.9,0.0,5.2,12.4
544,mixed vegetables cooked,118,0.3,0.0,0.0,0.089,23.8,8.0,5.7,5.2,0.0,0.1,0.083
545,yellow tomato,32,0.6,0.03,0.0,0.088,6.3,1.5,0.0,2.1,0.0,0.1,0.0
546,cardoon cooked,26,0.1,0.014,0.0,0.2,6.4,2.0,0.0,0.9,0.0,2.0,86.4
547,spinach raw,7,0.1,0.024,0.0,0.036,1.1,0.7,0.1,0.9,0.0,8.4,29.7
548,kale raw,7,0.3,0.057,0.0,0.045,0.9,0.9,0.2,0.6,0.092,19.6,53.3
549,drumstick pods cooked,42,0.2,0.0,0.0,0.3,9.7,5.0,0.0,2.5,0.0,114.5,23.6
550,kohlrabi raw,72,0.3,0.007,0.0,0.063,16.4,9.5,6.9,4.5,0.0,0.4,0.069
551,lentil sprouts,82,0.4,0.067,0.0,0.044,17.0,0.0,0.0,6.9,0.0,12.7,19.3
552,carrots raw,25,0.1,0.046,0.0,0.024,5.8,1.7,2.9,0.6,0.0,0.084,0.028
553,red chili peppers,18,0.2,0.088,0.0,0.03,4.0,0.7,2.4,0.8,0.0,64.7,6.3
554,fennel,73,0.5,0.0,0.0,0.1,17.1,7.3,0.0,2.9,0.0,0.1,0.1
555,sweet corn white,63,0.9,0.1,0.0,0.016,13.9,2.0,2.4,2.4,0.0,0.074,0.084
556,celeriac raw,66,0.5,0.1,0.0,0.2,14.4,2.8,2.5,2.3,0.0,0.3,0.081
557,hubbard squash raw,46,0.6,0.1,0.0,0.094,10.1,4.5,4.6,2.3,0.0,0.2,0.086
558,brussels sprouts cooked,8,0.1,0.099,0.0,0.051,1.5,0.5,0.4,0.5,0.0,13.0,7.6
559,carrots cooked,16,0.092,0.096,0.0,0.025,3.8,1.4,1.6,0.3,0.0,1.7,13.8
560,lambs quarters raw,0,0.067,0.0,0.0,0.033,0.069,0.046,0.0,0.08,0.0,0.0,3.3
561,lotus root cooked,6,0.056,0.029,0.0,0.0,1.4,0.3,0.0,0.1,0.0,2.4,2.3
562,split peas raw,672,2.3,0.3,0.0,0.075,118.9,50.2,15.8,48.4,0.0,3.5,108.4
563,scots kale cooked,36,0.5,0.014,0.0,0.4,7.3,0.0,0.0,2.5,0.0,68.6,171.6
564,corn cooked,99,1.5,0.2,0.0,0.039,21.6,2.5,4.7,3.5,0.0,0.1,0.055
565,radish raw,1,0.026,0.084,0.0,0.033,0.2,0.002,0.066,0.042,0.0,0.096,0.002
566,stinging nettles,37,0.007,0.0,0.0,0.09,6.7,6.1,0.2,2.4,0.0,0.0,428.1
567,baby carrots,5,0.053,0.015,0.0,0.097,1.2,0.4,0.7,0.031,0.0,0.4,4.8
568,sweet yellow peppers,50,0.4,0.012,0.0,0.017,11.8,1.7,0.0,1.9,0.0,341.3,20.5
569,taro leaves raw,12,0.2,0.013,0.0,0.083,1.9,1.0,0.8,1.4,0.0,14.6,30.0
570,corn raw,123,1.9,0.5,0.0,0.083,26.7,2.9,9.0,4.7,0.0,0.1,0.054
571,roselle,28,0.4,0.0,0.0,0.079,6.4,0.0,0.0,0.5,0.0,6.8,122.6
572,drumstick leaves raw,13,0.3,0.0,0.0,0.071,1.7,0.4,0.0,2.0,0.0,10.9,38.9
573,scallop squash raw,23,0.3,0.097,0.0,0.075,5.0,1.6,3.1,1.6,0.0,23.4,24.7
574,chicory roots,65,0.2,0.052,0.0,0.055,15.8,1.4,7.9,1.3,0.0,0.2,0.0
575,brussels sprouts raw,8,0.077,0.072,0.0,0.049,1.7,0.7,0.4,0.6,0.0,16.2,8.0
576,kale cooked,42,1.4,0.2,0.0,0.018,6.3,4.7,1.4,3.5,0.0,0.069,0.5
577,pupusas con frijoles,289,11.4,2.8,0.0,0.4,39.7,7.3,1.6,7.0,0.0,0.0,64.3
578,mustard cabbage,36,0.1,0.016,0.0,0.9,7.2,4.0,1.8,1.4,0.0,0.4,0.1
579,gourd raw,19,0.2,0.07,0.0,0.03,4.1,1.0,1.9,1.1,0.0,0.022,0.047
580,butternut squash cooked,80,0.2,0.013,0.0,0.002,21.0,6.4,3.9,1.8,0.0,30.2,82.0
581,burdock root cooked,146,0.2,0.0,0.0,0.4,35.1,3.0,5.9,3.5,0.0,4.3,81.3
582,cassava,330,0.6,0.2,0.0,0.099,78.4,3.7,3.5,2.8,0.0,0.2,0.011
583,peas carrots cooked,77,0.7,0.1,0.0,0.5,16.2,5.0,7.0,4.9,0.0,13.0,36.8
584,romaine lettuce,8,0.1,0.049,0.0,0.083,1.5,1.0,0.6,0.6,0.0,1.9,15.5
585,yam raw,177,0.3,0.067,0.0,0.017,41.8,6.2,0.8,2.3,0.0,0.4,0.025
586,chowchow pickles,296,2.2,0.4,0.0,1.3,65.3,3.7,58.5,3.7,0.0,14.7,56.4
587,prairie turnips raw,20,0.029,0.0,0.0,0.059,4.5,1.0,0.1,0.3,0.0,0.7,16.5
588,savoy cabbage raw,19,0.017,0.091,0.0,0.007,4.3,2.2,1.6,1.4,0.0,0.1,0.066
589,celery raw,6,0.045,0.005,0.0,0.019,1.2,0.6,0.5,0.3,0.0,0.007,0.086
590,celeriac cooked,42,0.3,0.0,0.0,0.084,9.1,0.0,0.0,1.5,0.0,5.6,40.3
591,mustard spinach raw,33,0.5,0.087,0.0,0.025,5.9,4.2,0.0,3.3,0.0,195.0,315.0
592,zucchini raw,44,0.8,0.2,0.0,0.023,8.1,2.6,6.5,3.1,0.0,0.4,0.033
593,okra cooked,35,0.3,0.032,0.0,0.4,7.2,4.0,3.8,3.0,0.0,26.1,123.2
594,white icicle radish,14,0.1,0.076,0.0,0.049,2.6,1.4,0.0,1.1,0.0,29.0,27.0
595,orange tomato,18,0.2,0.097,0.0,0.001,3.5,1.0,0.0,1.3,0.0,0.071,0.0
596,pumpkin leaves raw,7,0.2,0.053,0.0,0.057,0.9,0.0,0.0,1.2,0.0,4.3,15.2
597,spaghetti squash cooked,42,0.4,0.091,0.0,0.4,10.0,2.2,3.9,1.0,0.0,5.4,32.6
598,white corn cooked,100,1.5,0.2,0.0,0.082,22.4,2.8,8.0,3.4,0.0,0.1,0.017
599,artichoke cooked,64,0.4,0.059,0.0,0.087,14.3,10.3,1.2,3.5,0.0,0.028,0.035
600,avocado,432,39.6,5.7,0.0,0.045,23.0,18.1,1.8,5.4,0.0,0.7,0.078
601,string beans wellsley farms,8,0.0,0.0,1.0,0.0,1.7,0.087,0.3,0.3,0.0,0.0,0.0
602,lambs quarters cooked,58,1.3,0.085,0.0,0.5,9.0,3.8,1.1,5.8,0.0,66.6,464.4
603,peas cooked,134,0.4,0.065,0.0,0.074,25.0,8.8,9.5,8.6,0.0,0.3,0.011
604,beets cooked,22,0.085,0.026,0.0,0.035,5.0,1.0,4.0,0.8,0.0,0.026,0.099
605,shallots dried,3,0.013,0.063,0.0,0.059,0.7,0.1,0.3,0.1,0.0,0.096,0.043
606,green lettuce,23,0.2,0.027,0.0,0.05,4.3,2.0,1.2,2.0,0.0,0.1,0.2
607,kohlrabi cooked,48,0.2,0.041,0.0,0.035,11.0,1.8,4.6,3.0,0.0,0.3,0.008
608,kanpyo dried,139,0.3,0.041,0.0,0.056,35.1,5.3,0.0,4.6,0.0,0.3,0.0
609,prairie turnips boiled,18,0.086,0.0,0.0,0.012,4.2,1.0,0.7,0.2,0.0,0.3,14.4
610,broccoli raab cooked,21,0.4,0.086,0.0,0.077,2.7,2.4,0.5,3.3,0.0,0.2,0.2
611,summer squash cooked,49,1.0,0.2,0.0,0.036,9.9,2.9,6.4,2.7,0.0,0.2,0.028
612,taro cooked,187,0.1,0.012,0.0,0.055,45.7,6.7,0.6,0.7,0.0,0.4,0.073
613,spring onion scallions,6,0.077,0.029,0.0,0.048,1.5,0.5,0.5,0.4,0.0,0.055,0.006
614,hubbard squash cooked,57,0.7,0.1,0.0,0.5,12.3,5.5,5.6,2.8,0.0,0.2,0.029
615,jalapeno pepper,4,0.002,0.06,0.0,0.028,0.9,0.4,0.6,0.1,0.0,0.079,0.011
616,new zealand spinach cooked,22,0.3,0.027,0.0,0.6,3.8,2.5,0.5,2.3,0.0,28.8,86.4
617,sesbania flower raw,1,0.095,0.0,0.0,0.007,0.2,0.0,0.0,0.012,0.0,2.2,0.6
618,spirulina dried,20,0.5,0.2,0.0,0.031,1.7,0.3,0.2,4.0,0.0,0.7,8.4
619,chinese cabbage pe tsai cooked,17,0.2,0.011,0.0,0.3,2.9,2.0,0.0,1.8,0.0,18.8,38.1
620,zucchini cooked,27,0.6,0.1,0.0,0.077,4.8,1.8,3.1,2.1,0.0,23.2,32.4
621,green olives pickled,4,0.4,0.064,0.0,0.1,0.1,0.057,0.051,0.073,0.0,0.012,0.072
622,lotus root raw,85,0.1,0.057,0.0,0.06,19.8,5.6,0.0,3.0,0.0,50.6,51.8
623,grape leaves,13,0.3,0.085,0.0,0.005,2.4,1.5,0.9,0.8,0.0,1.6,50.8
624,dill pickled cucumber,17,0.2,0.08,0.0,1.3,3.7,1.6,1.9,0.9,0.0,1.1,60.1
625,skunk cabbage,11,0.1,0.0,0.0,0.016,1.8,1.2,0.0,1.5,0.0,30.8,43.1
626,banana pepper,9,0.1,0.018,0.0,0.039,1.8,1.1,0.6,0.5,0.0,27.3,4.6
627,oriental radish raw,61,0.3,0.1,0.0,0.014,13.9,5.4,8.5,2.0,0.0,74.4,91.3
628,purslane cooked,21,0.2,0.0,0.0,0.3,4.1,0.0,0.0,1.7,0.0,12.1,89.7
629,rhubarb raw,11,0.1,0.043,0.0,0.058,2.3,0.9,0.6,0.5,0.0,0.042,0.058
630,swamp cabbage,20,0.2,0.0,0.0,0.4,3.6,1.9,0.0,2.0,0.0,15.7,52.9
631,mung bean sprouts raw,6,0.044,0.036,0.0,0.08,1.2,0.4,0.8,0.6,0.0,0.033,0.069
632,onion cooked,7,0.034,0.095,0.0,0.04,1.5,0.2,0.7,0.2,0.0,0.078,0.084
633,swiss chard raw,7,0.042,0.065,0.0,0.089,1.3,0.6,0.4,0.6,0.0,10.8,18.4
634,peas raw,117,0.6,0.1,0.0,0.017,21.0,7.4,8.2,7.9,0.0,58.0,36.3
635,cabbage cooked,35,0.019,0.0,0.0,0.011,8.3,2.9,4.2,1.9,0.0,0.2,0.2
636,taro leaves cooked,35,0.6,0.1,0.0,0.3,5.6,2.9,0.0,3.9,0.0,51.5,124.7
637,leeks cooked,38,0.2,0.086,0.0,0.067,9.4,1.2,2.6,1.0,0.0,5.2,37.2
638,split peas cooked,227,0.8,0.1,0.0,0.5,40.2,16.3,5.7,16.3,0.0,0.8,27.4
639,sweet corn yellow,58,0.4,0.029,0.0,0.05,14.2,1.5,2.6,4.1,0.0,0.068,0.0
640,asparagus raw,2,0.037,0.012,0.0,0.047,0.5,0.3,0.2,0.3,0.0,0.067,0.088
641,collard cooked,63,1.4,0.049,0.0,0.013,10.7,7.6,0.0,5.1,0.0,34.6,267.9
642,swiss chard cooked,35,0.1,0.0,0.0,0.7,7.2,3.7,1.9,3.3,0.0,31.5,101.5
643,nopales cooked,22,0.003,0.064,0.0,0.087,4.9,3.0,1.7,2.0,0.0,7.9,244.4
644,tahitian taro cooked,60,0.9,0.2,0.0,0.4,9.4,0.0,0.0,5.7,0.0,52.1,204.1
645,chinese cabbage pak choi raw,9,0.1,0.013,0.0,0.087,1.5,0.7,0.8,1.1,0.0,31.5,73.5
646,green chili pepper,18,0.097,0.067,0.0,0.023,4.3,0.7,2.3,0.9,0.0,0.1,0.017
647,mountain yam raw,91,0.1,0.015,0.0,0.021,22.2,3.4,0.4,1.8,0.0,3.5,35.4
648,parsnips cooked,114,0.5,0.081,0.0,0.021,27.2,6.4,7.7,2.1,0.0,0.1,0.065
649,tomato stewed,97,3.3,0.6,0.0,0.6,16.1,2.1,0.0,2.4,0.0,0.1,0.0
650,sweet green peppers cooked,19,0.1,0.037,0.0,0.2,4.5,0.9,2.3,0.7,0.0,54.3,6.6
651,white corn raw,143,2.0,0.3,0.0,0.088,31.6,4.5,5.3,5.3,0.0,0.08,0.081
652,rutabaga raw,286,1.2,0.2,0.0,0.061,66.5,17.8,34.4,8.3,0.0,193.0,332.0
653,jalapeno peppers canned,37,1.3,0.1,0.0,2.3,6.4,3.5,2.9,1.3,0.0,13.6,31.3
654,pumpkin canned,83,0.7,0.4,0.0,0.6,19.8,7.1,8.1,2.7,0.0,10.3,63.7
655,peas onions canned,61,0.5,0.064,0.0,0.5,10.3,2.8,0.0,3.9,0.0,3.6,20.4
656,sweet mashed potato canned,258,0.5,0.1,0.0,0.2,59.1,4.3,13.9,5.0,0.0,13.3,76.5
657,hominy canned,119,1.5,0.2,0.0,0.6,23.5,4.1,3.0,2.4,0.0,0.0,16.5
658,tomato puree canned,95,0.5,0.098,0.0,0.002,22.5,4.8,12.1,4.1,0.0,0.3,0.038
659,dried tomatoes canned in oil,6,0.4,0.072,0.0,0.056,0.7,0.2,0.0,0.2,0.0,3.1,1.4
660,mixed vegetables canned,88,0.6,0.1,0.0,0.5,17.5,9.3,0.0,3.5,0.0,0.2,0.0
661,straw mushrooms canned,2,0.09,0.1,0.0,0.049,0.3,0.1,0.0,0.2,0.0,0.099,0.0
662,capers canned,2,0.089,0.021,0.0,0.2,0.4,0.3,0.011,0.2,0.0,0.4,3.4
663,red peppers canned,15,0.058,0.03,0.0,0.9,3.7,0.9,2.4,0.7,0.0,49.6,5.1
664,carrots canned,104,0.6,0.1,0.0,0.2,24.4,8.2,11.2,2.6,0.0,0.5,0.028
665,tomatoes in tomato juice canned,41,0.3,0.08,0.0,0.3,9.6,2.4,5.7,1.9,0.0,22.3,74.4
666,asparagus canned,62,0.7,0.2,0.0,0.1,10.2,4.1,4.1,7.4,0.0,67.8,61.7
667,sweet red peppers canned,25,0.4,0.013,0.0,1.9,5.5,1.7,0.0,1.1,0.0,65.1,57.4
668,onions canned,12,0.084,0.045,0.0,0.2,2.5,0.8,1.4,0.5,0.0,2.7,28.4
669,turnip greens canned,27,0.4,0.1,0.0,0.082,4.0,1.9,0.6,2.0,0.0,22.3,169.9
670,hearts of palm,9,0.2,0.056,0.0,0.1,1.5,0.8,0.0,0.8,0.0,2.6,19.1
671,spinach canned,44,0.9,0.1,0.0,0.7,6.8,3.7,0.0,4.9,0.0,31.6,194.2
672,sweet potato canned,568,1.3,0.3,0.0,0.3,133.5,16.0,98.3,6.3,0.0,67.0,95.7
673,corn canned,49,0.6,0.032,0.0,0.2,11.1,1.4,3.3,1.6,0.0,0.011,0.0
674,peas carrots canned,97,0.7,0.1,0.0,0.7,21.6,8.4,7.2,5.5,0.0,0.2,0.059
675,crookneck squash canned,27,0.1,0.088,0.0,0.006,6.2,2.9,2.5,1.3,0.0,5.7,25.2
676,tomatoes canned,77,0.7,0.062,0.0,0.3,17.6,4.6,10.6,4.0,0.0,22.3,82.3
677,pimento canned,44,0.6,0.004,0.0,0.006,9.8,3.6,5.2,2.1,0.0,163.0,11.5
678,sweet green peppers canned,25,0.4,0.037,0.0,1.9,5.5,1.7,0.0,1.1,0.0,65.1,57.4
679,peas canned,57,0.8,0.1,0.0,0.2,9.5,0.0,0.0,3.5,0.0,0.0,0.0
680,chili peppers canned,29,0.4,0.013,0.0,0.6,6.4,2.4,0.0,1.0,0.0,47.5,50.0
681,green peppers canned,15,0.074,0.096,0.0,0.9,3.7,0.9,2.3,0.7,0.0,49.6,5.1
682,grape leaves canned,20,0.6,0.065,0.0,0.8,3.3,2.8,0.0,1.2,0.0,3.2,81.8
683,sauerkraut canned,27,0.2,0.023,0.0,0.9,6.1,4.1,2.5,1.3,0.0,0.2,0.096
684,beets canned,69,0.2,0.017,0.0,0.02,16.2,3.0,13.2,2.0,0.0,6.9,32.0
685,stewed tomatoes canned,66,0.5,0.078,0.0,0.6,15.8,2.6,9.0,2.3,0.0,0.091,0.039
686,tomato paste canned,215,1.2,0.3,0.0,2.1,49.5,10.7,31.9,11.3,0.0,57.4,94.3
687,bacon ranch salad mcdonalds,389,20.1,5.2,70.2,0.9,19.4,3.2,4.9,28.1,0.0,30.9,146.7
688,caesar salad with grilled chicken mcdonalds,201,5.6,3.0,71.0,0.6,11.3,3.3,4.8,29.1,0.0,31.4,189.4
689,caesar salad mcdonalds,94,4.4,2.5,10.7,0.2,9.1,3.4,4.4,6.8,0.0,30.0,183.2
690,vegetable salad,22,0.054,0.053,0.0,0.025,4.4,0.0,0.0,1.7,0.0,32.0,17.9
691,vegetable salad with chicken,70,1.5,0.4,47.9,0.1,2.5,0.0,0.0,11.6,0.077,11.6,24.7
692,potato salad,358,20.5,3.6,170.0,1.3,27.9,3.3,0.0,6.7,0.048,25.0,47.5
693,taco salad taco bell,906,48.9,15.9,101.3,1.9,80.5,16.0,0.0,35.7,0.0,0.0,506.4
694,iceberg lettuce,8,0.045,0.089,0.0,0.022,1.7,0.7,1.1,0.5,0.0,0.042,0.079
695,cornsalad,12,0.2,0.0,0.0,0.067,2.0,0.0,0.0,1.1,0.0,0.2,0.0
696,potato salad with egg,393,23.5,3.6,42.5,0.8,40.5,3.3,12.4,4.9,0.09,2.0,37.5
697,side salad mcdonalds,17,0.2,0.014,0.0,0.037,3.7,1.4,1.9,0.9,0.0,13.7,20.9
698,caesar salad with crispy chicken mcdonalds,349,16.4,4.3,55.6,0.7,19.2,3.4,4.5,25.7,0.0,30.9,188.5
699,grape apple salad with walnuts,191,8.2,1.1,1.6,0.087,25.6,3.6,20.3,3.5,0.069,7.8,70.1
700,vegetable salad with cheese egg,68,3.9,2.0,65.1,0.044,3.2,0.0,0.0,5.8,0.01,6.5,66.5
701,celtuce,1,0.088,0.0,0.0,0.094,0.3,0.1,0.0,0.071,0.0,1.6,3.1
702,arugula,5,0.1,0.029,0.0,0.018,0.7,0.3,0.4,0.5,0.0,3.0,32.0
703,vegetable salad with shrimp,71,1.7,0.4,119.5,0.3,4.4,0.0,0.0,9.7,0.0,6.1,39.3
704,coleslaw,292,18.9,3.1,7.6,0.4,28.4,3.6,23.3,1.8,0.018,0.2,0.1
705,shiitake mushrooms cooked,10,0.007,0.061,0.0,0.048,2.6,0.4,0.7,0.3,0.0,0.064,0.0
706,shiitake mushrooms raw,6,0.039,0.0,0.0,0.096,1.3,0.5,0.5,0.4,0.0,0.0,0.4
707,crimini mushrooms,1,0.018,0.054,0.0,0.086,0.3,0.064,0.1,0.2,0.0,0.001,0.0
708,mushrooms raw,15,0.2,0.052,0.0,0.053,2.3,0.7,1.4,2.2,0.0,1.5,2.1
709,portabella mushrooms grilled,35,0.7,0.023,0.0,0.047,5.4,2.7,2.7,4.0,0.0,0.1,0.0
710,maitake mushrooms,0,0.017,0.011,0.0,0.059,0.072,0.041,0.043,0.016,0.0,0.08,0.0
711,shiitake mushrooms dried,11,0.061,0.014,0.0,0.086,2.7,0.4,0.046,0.3,0.0,0.1,0.4
712,chanterelle mushrooms,2,0.063,0.0,0.0,0.028,0.4,0.2,0.076,0.033,0.0,0.01,0.0
713,cloud ear fungus dried,80,0.2,0.0,0.0,0.036,20.4,19.6,0.0,2.6,0.0,0.0,44.5
714,mushrooms cooked,44,0.7,0.05,0.0,0.011,8.3,3.4,3.7,3.4,0.0,0.1,0.0
715,pepeao dried,72,0.1,0.0,0.0,0.072,19.4,0.0,0.0,1.2,0.0,0.2,0.0
716,truffles,61,4.1,2.2,6.4,0.034,5.4,0.3,4.6,0.7,0.064,0.019,18.8
717,jews ear,25,0.095,0.0,0.0,0.027,6.7,0.0,0.0,0.5,0.0,0.6,15.8
718,enoki mushrooms,1,0.099,0.027,0.0,0.084,0.2,0.089,0.034,0.062,0.0,0.095,0.0
719,morel mushrooms,4,0.07,0.056,0.0,0.08,0.7,0.4,0.096,0.4,0.0,0.055,0.0
720,portabella mushrooms raw,19,0.3,0.036,0.0,0.014,3.3,1.1,2.2,1.8,0.0,0.0,2.6
721,oyster mushroom,5,0.035,0.016,0.0,0.098,0.9,0.3,0.2,0.5,0.0,0.056,0.0
